n,m,v10
64,65,0.0073893283
64,66,0.0102769836
64,67,0.0045295723
64,68,0.0194249489
64,69,0.0395447600
64,70,0.0001206630
64,71,-0.0593948167
64,72,0.0794641688
64,73,0.1056635685
64,74,0.0164316683
64,75,0.0414267353
64,76,-0.9448034876
64,77,0.0005948750
64,78,0.1489790733
64,79,0.0000086671
64,80,0.0001164927
64,81,0.0014941062
64,82,0.1622868935
64,83,0.1327370084
64,84,0.1736980452
64,85,-0.2743602381
64,86,0.0584472523
64,87,0.0000012554
64,88,-0.0000000000
64,89,0.3397887316
64,90,0.3220059602
64,91,0.3053787028
64,92,0.0001777554
64,93,0.2960127751
64,94,0.3137149663
64,95,0.0000000002
64,96,0.3821246269
64,97,0.4175674735
64,98,0.3815749972
64,99,0.4049731877
64,100,0.4492735785
64,101,0.3887352221
64,102,0.5475238519
64,103,0.5350512678
64,104,0.4703892276
64,105,0.5682042996
64,106,0.5782132919
64,107,0.5923070620
64,108,0.5734801869
64,109,0.1693281759
64,110,0.6481123261
64,111,0.7147195266
64,112,0.0000010291
64,113,0.7156285049
64,114,0.0014069493
64,115,0.0020191268
64,116,0.8079506731
64,117,0.7479978173
64,118,0.7960311795
64,119,0.4717787154
64,120,0.7481737985
64,121,0.5098510395
64,122,0.8616106627
64,123,0.8819275964
64,124,0.7195550757
64,125,0.0000000082
64,126,0.9489433876
64,127,0.8274063491
64,128,0.1995892745
64,129,0.0000463862
64,130,1.0582813331
64,131,-0.0000000000
64,132,1.0187795368
64,133,1.0180431260
64,134,1.0448189805
64,135,1.1268202235
64,136,1.1514837724
64,137,1.0352029980
64,138,1.1748842990
64,139,0.0057007811
64,140,1.2222654346
64,141,0.6079459849
64,142,1.2305174003
64,143,1.2442965441
64,144,1.2532291964
64,145,0.0810316360
64,146,1.2834101178
64,147,1.4048808622
64,148,1.4184877775
64,149,1.3605969871
64,150,1.4490861711
64,151,1.3855478644
64,152,1.1741226354
64,153,1.2091975966
64,154,1.5114042682
64,155,0.0011935396
64,156,1.6279697864
64,157,1.6961201390
64,158,0.9386864117
64,159,1.5760675383
64,160,1.7419145738
64,161,1.2778081454
64,162,1.7057418453
64,163,1.6580206587
64,164,1.4256221191
64,165,1.7772964948
64,166,1.5327396681
64,167,0.5784382916
64,168,1.9505390445
64,169,1.9067005202
64,170,0.7127130489
64,171,0.2323774141
64,172,1.7699163590
64,173,1.8905238964
64,174,0.0887382278
64,175,2.0018969532
64,176,0.0001662400
64,177,2.0026583577
64,178,2.0888577373
64,179,2.1103275798
64,180,2.0279962915
64,181,2.0618019848
64,182,2.0473617992
64,183,2.2370681732
64,184,2.2166893668
64,185,2.2618162391
64,186,1.8763694618
64,187,2.1832981419
64,188,2.3641855051
64,189,1.1270523823
64,190,1.9000396670
64,191,2.3533044527
64,192,2.4016880258
64,193,1.7597113681
64,194,2.4292036054
64,195,2.4965647982
64,196,2.1694858962
64,197,1.2000699440
64,198,0.0000235765
64,199,1.6177557873
64,200,2.5755001331
64,201,2.5662642043
64,202,2.6471579422
64,203,1.6888068810
64,204,1.6730138075
64,205,1.8044352838
64,206,2.7256373081
64,207,2.8409045300
64,208,0.0000000340
64,209,2.8475912853
64,210,2.7484414233
64,211,2.7658236749
64,212,2.3503172594
64,213,2.8656348630
64,214,2.9097765587
64,215,2.9254639365
64,216,3.0068820964
64,217,3.0059464972
64,218,1.3008220902
64,219,2.8549487955
64,220,3.1405274465
64,221,1.7826858747
64,222,3.1242987146
64,223,2.7230303233
64,224,3.1224586601
64,225,3.0975738210
64,226,3.2214072535
64,227,1.6835100524
64,228,3.2497988750
64,229,3.3263467601
64,230,3.2745865035
64,231,3.4102487208
64,232,0.6365418433
64,233,3.4509666326
64,234,3.0682466406
64,235,3.5418323408
64,236,2.0085125228
64,237,0.4236048210
64,238,3.5128489595
64,239,3.5657786364
64,240,3.5216940441
64,241,2.4446718298
64,242,3.6482235026
64,243,2.7842175518
64,244,3.7100189913
64,245,3.6461799887
64,246,3.6496836494
64,247,3.7848203281
64,248,3.8370661613
64,249,3.9235071426
64,250,3.9386232278
64,251,0.4339447521
64,252,3.8620310528
64,253,3.9059804032
64,254,3.7236129233
64,255,3.9072033215
64,256,3.9767999824
64,257,3.9140917958
64,258,3.9864600221
64,259,3.9301262232
64,260,3.3239428574
64,261,2.8246675904
64,262,3.9970518568
64,263,4.0306836386
64,264,3.9748101334
64,265,4.0478231483
64,266,3.6332752434
64,267,4.2992834556
64,268,2.4417308546
64,269,4.3073627437
64,270,4.3177548605
64,271,4.3438029431
64,272,2.7367364455
64,273,4.4639641511
64,274,3.6080658615
64,275,4.4023096086
64,276,3.4324181761
64,277,4.5886192253
64,278,4.5747351098
64,279,4.5979052664
64,280,2.7462016163
64,281,4.5803713304
64,282,3.8104988372
64,283,4.6153319944
64,284,4.5901388436
64,285,4.7734766046
64,286,2.4928391375
64,287,4.8124542367
64,288,4.7615390235
64,289,4.0701739797
64,290,4.8661633375
64,291,3.4265987468
64,292,4.8403902502
64,293,2.3244904171
64,294,4.8557247904
64,295,4.9742243209
64,296,5.0575329663
64,297,5.0061460236
64,298,5.0243982171
64,299,2.6334901161
64,300,5.0292054661
64,301,5.0833298488
64,302,5.2849153101
64,303,5.1222143201
64,304,3.2458855909
64,305,5.1754359669
64,306,5.1078431615
64,307,5.3139296608
64,308,5.3007839956
64,309,5.3926813304
64,310,5.5312873448
64,311,4.5844949246
64,312,5.4510902537
64,313,5.3395626675
64,314,5.4729418209
64,315,4.5327157356
64,316,5.6068265720
64,317,5.5389924191
64,318,1.8751806470
64,319,5.5624430371
64,320,4.4227725532
64,321,4.9174722740
64,322,5.6960668866
64,323,5.6721594699
64,324,5.7324713736
64,325,5.6399717114
64,326,5.6818552760
64,327,5.7919006999
64,328,5.8810404781
64,329,5.3950016882
64,330,5.7834345688
64,331,5.0197357514
64,332,5.9638154065
64,333,5.8266439395
64,334,5.9848500230
64,335,6.0915453301
64,336,6.0983877079
64,337,5.6783630790
64,338,5.5824603808
64,339,5.9906821307
64,340,6.2634162968
64,341,6.3121631841
64,342,6.1166363353
64,343,6.2931865453
64,344,6.1928980282
64,345,6.2555252108
64,346,6.3759903861
64,347,5.5981614259
64,348,6.4543232275
64,349,6.3278467016
64,350,6.4661681166
64,351,6.3905448294
64,352,6.2779803148
64,353,6.1607438817
64,354,5.9613153134
64,355,6.6807937515
64,356,3.5844819568
64,357,3.8874168173
64,358,6.5864867087
64,359,6.6676004581
64,360,5.7179346268
64,361,6.5603296726
64,362,6.1598865267
64,363,6.8334267682
64,364,5.1084832118
64,365,6.3366609061
64,366,6.3633365090
64,367,6.8907007077
64,368,6.9779150937
64,369,6.9390620405
64,370,7.0076364202
64,371,7.0035754404
64,372,7.0548703910
64,373,7.0168967387
64,374,6.9272559803
64,375,4.4779791354
64,376,7.1399287683
64,377,4.1049565981
64,378,4.3111579891
64,379,6.0739830020
64,380,3.8183329396
64,381,6.3904183290
64,382,7.1330507746
64,383,7.2741622644
64,384,7.2130516987
64,385,7.4013246920
64,386,7.4222317379
64,387,7.5406946812
64,388,7.5596673107
64,389,7.3562500536
64,390,7.4325031289
64,391,7.5397312825
64,392,7.7398469630
64,393,3.2361387385
64,394,7.6417381458
64,395,5.9364845584
64,396,5.8847678227
64,397,5.3040523839
64,398,7.7856118012
64,399,7.6672587653
64,400,7.8177926133
64,401,7.8043265814
64,402,6.0325595693
64,403,7.8625432343
64,404,6.3430748252
64,405,8.0115028418
64,406,7.7459516779
64,407,7.5785263275
64,408,8.0533436469
64,409,7.9603255260
64,410,8.0846556880
64,411,7.9401261854
64,412,8.0649955838
64,413,8.0303261141
64,414,7.8637861067
64,415,8.2618777295
64,416,6.2720214018
64,417,8.4048807818
64,418,6.7629075214
64,419,7.9888928946
64,420,8.3597051328
64,421,7.6802519473
64,422,7.4278525003
64,423,8.1186395171
64,424,5.7779506705
64,425,8.4283577453
64,426,8.5100200688
64,427,8.5817218942
64,428,8.3969626694
64,429,8.5710691591
64,430,8.7521607326
64,431,7.2173176766
64,432,8.6623719652
64,433,8.7748304948
64,434,6.6529234757
64,435,8.6899844036
64,436,7.9139527550
64,437,8.7333413608
64,438,8.9708631091
64,439,7.6670188845
64,440,5.0751395443
64,441,8.9916955970
64,442,8.6295481343
64,443,8.9341154822
64,444,8.7056755701
64,445,6.9949211777
64,446,6.0372979228
64,447,9.1033020337
64,448,9.0795947716
64,449,7.8309095469
64,450,9.1015810499
64,451,7.6035607389
64,452,8.3244014474
64,453,4.8540751236
64,454,9.3750780952
64,455,9.2897758749
64,456,8.9187582145
64,457,6.7004551418
64,458,9.4041633824
64,459,9.3772688399
64,460,9.3704286620
64,461,9.3328964826
64,462,9.4222744938
64,463,9.4959554174
64,464,9.6151629337
64,465,9.6540530381
64,466,9.6727987492
64,467,9.4362108705
64,468,9.5028569365
64,469,6.5442104272
64,470,9.5899430297
64,471,9.6822171353
64,472,9.6030803571
64,473,9.8007154255
64,474,9.6747203937
64,475,9.7475432245
64,476,9.7147816810
64,477,9.9676315975
64,478,9.9726549804
64,479,9.9881851520
64,480,10.0923573122
64,481,10.0611015401
64,482,9.9858859297
64,483,10.0702853285
64,484,10.2042147623
64,485,9.9096432203
64,486,10.2166979675
64,487,10.1944444122
64,488,10.1948899797
64,489,10.1290145143
64,490,10.2500510807
64,491,10.2933908741
64,492,9.4623335471
64,493,10.3949026858
64,494,10.2962007776
64,495,10.4522550906
64,496,9.6152447447
64,497,10.5873326651
64,498,9.6034076826
64,499,9.5290317252
64,500,7.6842211341
64,501,9.2883160846
64,502,10.6492545988
64,503,10.5751223629
64,504,10.6406610138
64,505,10.5738268179
64,506,10.0389358363
64,507,10.7812039578
64,508,10.7582094919
64,509,10.7933896442
64,510,8.9831514088
64,511,10.9700197375
64,512,10.9842172348
64,513,8.0371309191
64,514,8.8063325095
64,515,11.0107323626
64,516,9.3781354203
64,517,10.8539510964
64,518,11.1629601676
64,519,11.2078239552
64,520,10.9013147904
64,521,9.3829217676
64,522,11.1571751566
64,523,11.1050732556
64,524,11.2305401402
64,525,8.3398694827
64,526,11.2887642171
64,527,8.1988650716
64,528,11.2780461463
64,529,11.3109560314
64,530,9.3187042942
64,531,11.3689944799
64,532,9.3615426482
64,533,6.8678931542
64,534,11.6289632965
64,535,8.0115466455
64,536,11.5826943193
64,537,9.3622574878
64,538,6.7559977177
64,539,10.1626367577
64,540,11.4161730667
64,541,8.7261911644
64,542,11.8420566991
64,543,11.8141154258
64,544,11.8189133951
64,545,11.9285361732
64,546,11.8105110364
64,547,12.0198951880
64,548,9.1591696333
64,549,11.8759131808
64,550,12.0291541509
64,551,11.9517891507
64,552,11.7694239281
64,553,12.2550833735
64,554,11.5286986953
64,555,9.3274914603
64,556,12.1505576033
64,557,12.1929297824
64,558,12.0680368078
64,559,11.6971253737
64,560,12.3888625629
64,561,11.6400548564
64,562,12.2823040622
64,563,12.3936672363
64,564,9.5681440221
64,565,10.1643690724
64,566,12.5964265185
64,567,12.4643087852
64,568,11.8270748561
64,569,12.6325109677
64,570,12.5752141086
64,571,10.3694756412
64,572,12.4004558797
64,573,11.1175515590
64,574,10.9627334468
64,575,11.7489710958
64,576,12.6383024178
64,577,10.6544767280
64,578,0.0008820734
64,579,12.8724991324
64,580,12.0599727780
64,581,9.4383891300
64,582,12.9265623825
64,583,12.9781012507
64,584,12.5576165667
64,585,13.0837911920
64,586,12.9332742307
64,587,13.0443465336
64,588,10.3140435900
64,589,8.6067822983
64,590,13.1935102965
64,591,13.1351706946
64,592,13.1387197856
64,593,9.4560343803
64,594,13.1448065762
64,595,13.3295599386
64,596,13.2693826429
64,597,13.3465617354
64,598,13.2951532939
64,599,13.4878704852
64,600,13.3489852703
64,601,11.4980865901
64,602,13.4077837923
64,603,13.5030692944
64,604,13.5902055491
64,605,13.5938313766
64,606,13.6908748488
64,607,13.1217143196
64,608,10.1573912556
64,609,13.7259999970
64,610,13.7318886831
64,611,13.7024221893
64,612,13.8157937007
64,613,13.7296992114
64,614,13.9237943817
64,615,13.7708039036
64,616,9.8213103399
64,617,13.9295788224
64,618,9.9503088440
64,619,12.7159364600
64,620,12.6532484730
64,621,14.1370793933
64,622,14.1541806787
64,623,13.9461032099
64,624,14.2031267534
64,625,14.2026976916
64,626,14.3623500598
64,627,14.1874464106
64,628,14.2575266797
64,629,14.1204105528
64,630,14.4263490038
64,631,14.1890051790
64,632,14.2757847847
64,633,13.9066706501
64,634,14.4892839736
64,635,13.5551769729
64,636,14.5176684331
64,637,12.6740561566
64,638,11.4818688602
64,639,11.0169582861
64,640,13.2805237920
64,641,12.8324212901
64,642,14.6696900261
64,643,14.6423385096
64,644,14.7388212504
64,645,14.8300881625
64,646,12.7367950214
64,647,14.7994519504
64,648,14.9097649503
64,649,14.8404613961
64,650,14.8342268783
64,651,15.0587226254
64,652,12.1274284372
64,653,15.0416430976
64,654,14.9964497389
64,655,13.0860273002
64,656,13.1947899455
64,657,15.1417834812
64,658,15.0963520904
64,659,12.4696401253
64,660,8.7852186511
64,661,15.2155336825
64,662,12.6453892482
64,663,14.4828585532
64,664,14.9746604601
64,665,15.3392503700
64,666,15.4097328923
64,667,15.4023644885
64,668,15.4014725350
64,669,15.4767744844
64,670,15.4071848216
64,671,13.0443857914
64,672,15.6895598167
64,673,15.4396301358
64,674,13.2729368695
64,675,11.2273070962
64,676,15.6254188095
64,677,15.6327708656
64,678,11.7228453666
64,679,15.6998818807
64,680,15.7891360595
64,681,15.8068446598
64,682,15.7690240225
64,683,15.6715518903
64,684,15.6968624597
64,685,14.3387702481
64,686,15.9780000827
64,687,15.9984067694
64,688,12.6417967328
64,689,16.0359058396
64,690,15.8979713215
64,691,16.2258252786
64,692,16.0783042408
64,693,16.1877323766
64,694,16.2333281500
64,695,16.2330221231
64,696,16.3730826377
64,697,16.4230508717
64,698,16.2160804543
64,699,16.3218668284
64,700,16.4878271815
64,701,16.2988002596
64,702,16.5891214108
64,703,13.7592758719
64,704,16.3981059087
64,705,15.6770498542
64,706,16.5523614227
64,707,16.3387573526
64,708,16.4332845896
64,709,12.4469919163
64,710,15.1045956287
64,711,10.2493081478
64,712,16.4373017715
64,713,16.5388723238
64,714,16.6628995498
64,715,16.6318089678
64,716,16.5694860881
64,717,16.9308738195
64,718,17.0776973291
64,719,15.2352523267
64,720,16.5025030712
64,721,15.1645357281
64,722,15.9761102645
64,723,17.0424082994
64,724,16.9321114815
64,725,17.0868949907
64,726,17.1184116866
64,727,16.6492505239
64,728,11.0788238242
64,729,17.0628183743
64,730,15.9766201087
64,731,17.3115245340
64,732,13.1119604863
64,733,17.3370194986
64,734,17.1771894918
64,735,17.3727472744
64,736,17.4541776234
64,737,17.4452578949
64,738,17.5652410606
64,739,17.6194311094
64,740,14.8530366862
64,741,17.6327379918
64,742,17.7065049017
64,743,17.4721625676
64,744,16.9826595885
64,745,16.0814230762
64,746,17.7801106737
64,747,15.7248382929
64,748,17.7424334083
64,749,17.8223102582
64,750,14.7766754234
64,751,17.7253453831
64,752,17.8958596709
64,753,17.9473778458
64,754,17.9303220215
64,755,18.0138630650
64,756,18.0152609944
64,757,18.0804407796
64,758,17.0368227546
64,759,14.1970732270
64,760,18.2124698540
64,761,18.1363586982
64,762,18.2455993749
64,763,17.1712371287
64,764,16.1806704565
64,765,18.4717244780
64,766,18.3386911850
64,767,14.9684857347
64,768,18.0992884313
64,769,18.3798446823
64,770,14.6803660030
64,771,18.4569305508
64,772,16.2747910240
64,773,18.4742149743
64,774,18.6059816611
64,775,15.3248485627
64,776,18.6169219886
64,777,18.7078468500
64,778,16.4605867593
64,779,17.5280828961
64,780,17.5859454995
64,781,18.7951011878
64,782,18.8247410728
64,783,19.0283734201
64,784,17.3470798504
64,785,19.0222282289
64,786,17.2107557916
64,787,19.1696515245
64,788,17.4078009839
64,789,17.0845751286
64,790,18.8194323057
64,791,18.3839752349
64,792,19.2207874099
64,793,19.0421806271
64,794,19.0097810108
64,795,19.2518185710
64,796,17.8130558743
64,797,15.9210721638
64,798,19.3068679318
64,799,19.3438005147
64,800,19.4171262485
64,801,12.3343918418
64,802,19.3536475404
64,803,17.5284681767
64,804,19.5808800762
64,805,16.5728842088
64,806,19.4198506659
64,807,19.3965630941
64,808,15.9193429214
64,809,14.9403782111
64,810,19.7524416215
64,811,16.4835358238
64,812,19.7220188379
64,813,15.6644989391
64,814,19.9400863013
64,815,17.7492022755
64,816,19.7693793657
64,817,19.8408004108
64,818,19.7319459970
64,819,20.0226153816
64,820,20.0767362546
64,821,20.0541169640
64,822,20.0232780590
64,823,20.1288002412
64,824,11.9050816861
64,825,19.9382286446
64,826,20.3311724692
64,827,14.4184759097
64,828,16.7199060570
64,829,20.2593085368
64,830,19.6680644028
64,831,17.6754471534
64,832,17.2451756972
64,833,15.4438732900
64,834,17.1598114804
64,835,19.7534869712
64,836,20.4751087020
64,837,16.4598553703
64,838,20.5344852979
64,839,20.3122802933
64,840,18.9940178084
64,841,16.8361751942
64,842,20.6462429719
64,843,20.8761545177
64,844,20.5479569721
64,845,20.8693134230
64,846,20.8985903146
64,847,16.1027301401
64,848,21.0034082666
64,849,20.8903136399
64,850,17.8727246965
64,851,20.8613376328
64,852,21.0655023693
64,853,21.0081088205
64,854,21.0878483165
64,855,20.9900767600
64,856,21.0845597168
64,857,13.9931549163
64,858,19.9763074478
64,859,21.2880418169
64,860,21.1414961910
64,861,17.3265405289
64,862,21.0209016189
64,863,21.1812743375
64,864,21.2528623543
64,865,21.3120659061
64,866,16.8674009632
64,867,21.2848621440
64,868,20.5230089969
64,869,12.5559362103
64,870,21.4341158155
64,871,19.6093621339
64,872,21.5504905513
64,873,21.5128394853
64,874,19.0332491875
64,875,21.5852323287
64,876,21.5876961115
64,877,21.8618965346
64,878,21.6684658352
64,879,20.1713790462
64,880,21.7987746011
64,881,21.6511503020
64,882,21.8872335266
64,883,21.7300410555
64,884,20.4482457623
64,885,22.1540763876
64,886,22.0258397585
64,887,16.1802210880
64,888,22.0952831761
64,889,19.5622527106
64,890,22.0821251297
64,891,21.0041717118
64,892,22.1632386616
64,893,22.1455099272
64,894,22.2044563529
64,895,22.1143657928
64,896,22.0164474461
64,897,21.3357799691
64,898,22.2903751526
64,899,21.0854410807
64,900,21.0292870021
64,901,17.3257575612
64,902,19.8020037937
64,903,19.2470268583
64,904,22.6736849513
64,905,22.7399669354
64,906,22.7589792993
64,907,22.8267068348
64,908,19.8920593480
64,909,20.1882754399
64,910,20.9573668145
64,911,22.2240462193
64,912,20.6117644775
64,913,21.0045256065
64,914,22.2841617810
64,915,22.7719218375
64,916,22.8989947156
64,917,15.4138076491
64,918,18.1934116070
64,919,22.9092280384
64,920,23.2533198586
64,921,21.7611919987
64,922,22.8013576758
64,923,23.1212802982
64,924,23.2421090454
64,925,22.4504527623
64,926,23.1779782138
64,927,23.2225337713
64,928,20.1543545187
64,929,23.1681466657
64,930,23.0933108879
64,931,23.4834475132
64,932,23.2801112384
64,933,23.4686781452
64,934,21.1887432939
64,935,23.4893316908
64,936,23.3494621159
64,937,19.2512493243
64,938,22.6720432962
64,939,23.7127353667
64,940,23.6920797652
64,941,23.4772306274
64,942,23.5410206048
64,943,23.8349060416
64,944,20.3685710370
64,945,17.8173700578
64,946,23.8692841406
64,947,24.0824567765
64,948,21.4265892882
64,949,19.8958587912
64,950,21.7641203847
64,951,19.1579549476
64,952,21.8047406923
64,953,23.1573516470
64,954,24.2350151882
64,955,21.6837455350
64,956,23.8311080226
64,957,24.0933890097
64,958,21.7244222029
64,959,24.2728884619
64,960,22.3975079764
64,961,20.4893813159
64,962,24.2037060535
64,963,22.9613400569
64,964,24.2694487576
64,965,24.5167625161
64,966,21.4250578790
64,967,24.6102979018
64,968,24.2787159443
64,969,24.6326686126
64,970,24.6442427238
64,971,22.0689771815
64,972,22.4125004230
64,973,24.5875163554
64,974,24.6377471883
64,975,24.6273882816
64,976,24.7253581746
64,977,24.7975027983
64,978,24.8238097721
64,979,24.9366957847
64,980,23.9767248951
64,981,24.8558684543
64,982,21.5050762065
64,983,19.6401362918
64,984,25.0158656181
64,985,25.1248266998
64,986,21.7384911384
64,987,24.9058772555
64,988,25.0455992400
64,989,24.9262502164
64,990,25.2350535429
64,991,23.6488652908
64,992,25.1861856113
64,993,25.0423927783
64,994,23.7862991712
64,995,25.0387483167
64,996,25.3140630595
64,997,25.3438287832
64,998,22.9309676574
64,999,22.3494396308
64,1000,25.7177185812
64,1001,25.4509063523
64,1002,25.6032202539
64,1003,25.4937038390
64,1004,25.5763892075
64,1005,20.1500557347
64,1006,25.6962945578
64,1007,25.8041516439
64,1008,20.4183440039
64,1009,22.7748972076
64,1010,25.9903191580
64,1011,25.7310740823
64,1012,18.6531562395
64,1013,24.3367714725
64,1014,24.8927830422
64,1015,26.0654514066
64,1016,26.1410588972
64,1017,19.9978329709
64,1018,16.2075753102
64,1019,23.1875083178
64,1020,26.0894768043
64,1021,26.1539880695
64,1022,26.3909226344
64,1023,26.0251766809
64,1024,26.3822967859
64,1025,26.4015129452
64,1026,25.8057083142
64,1027,26.3188043639
64,1028,26.2413306354
64,1029,26.4787558189
64,1030,25.1351355895
64,1031,26.1883238357
64,1032,23.0931477962
64,1033,26.6035687015
64,1034,26.0416489123
64,1035,26.6386884193
64,1036,26.6443740542
64,1037,26.8705093402
64,1038,24.2915950238
64,1039,25.2346190050
64,1040,26.6711326067
64,1041,26.2288499337
64,1042,23.3536214457
64,1043,26.8303786487
64,1044,26.9908602877
64,1045,26.6738942716
64,1046,25.1851535185
64,1047,26.7613679874
64,1048,24.6365068021
64,1049,26.9973654438
64,1050,18.7736858066
64,1051,20.6489033191
64,1052,19.9994886714
64,1053,27.2766803761
64,1054,24.6817201788
64,1055,27.3046223613
64,1056,27.2138127120
64,1057,27.4199131714
64,1058,27.2956018756
64,1059,27.4748727914
64,1060,18.4194527285
64,1061,25.2531439026
64,1062,27.5224563887
64,1063,24.3706920761
64,1064,27.7416822569
64,1065,24.8366129247
64,1066,27.5842874639
64,1067,20.8323185744
64,1068,27.6641688628
64,1069,27.5436912692
64,1070,24.8922173640
64,1071,25.0940430982
64,1072,26.4160802439
64,1073,23.3764412507
64,1074,25.9884239007
64,1075,27.9892165400
64,1076,27.9111992716
64,1077,28.0552308351
64,1078,27.9530924530
64,1079,28.0273151671
64,1080,28.2177448411
64,1081,27.8858592296
64,1082,28.1992970532
64,1083,28.1603046250
64,1084,27.3623456823
64,1085,27.2032214273
64,1086,26.6502317930
64,1087,28.2664878193
64,1088,28.2781017768
64,1089,26.0009868219
64,1090,28.3946627229
64,1091,28.4463010214
64,1092,28.5491035411
64,1093,28.5064083411
64,1094,28.3889795298
64,1095,28.6822454810
64,1096,28.5150402939
64,1097,28.5676234881
64,1098,23.4756622980
64,1099,28.7622064977
64,1100,28.1004977385
64,1101,28.4545576623
64,1102,28.9145249152
64,1103,28.6739965509
64,1104,23.9591658863
64,1105,28.5170328700
64,1106,22.5623409976
64,1107,28.9672371099
64,1108,29.0812128754
64,1109,27.7575610289
64,1110,28.6212904397
64,1111,29.0077783949
64,1112,29.0364996903
64,1113,27.0233258479
64,1114,28.2939774931
64,1115,29.3336421304
64,1116,28.3272270075
64,1117,29.2339192448
64,1118,24.6497600863
64,1119,29.4488457471
64,1120,29.1574557463
64,1121,28.3664173142
64,1122,29.3116841221
64,1123,25.4267203724
64,1124,29.0630019321
64,1125,25.9284007933
64,1126,26.6627196044
64,1127,29.4502096952
64,1128,29.6564270967
64,1129,29.6885135326
64,1130,29.8612606151
64,1131,29.7577629485
64,1132,25.3875447595
64,1133,29.5593094621
64,1134,24.9262166079
64,1135,29.7176098760
64,1136,23.4369869571
64,1137,29.8739492972
64,1138,29.7583348395
64,1139,30.0973996058
64,1140,29.0720620291
64,1141,30.0408105350
64,1142,29.3956009122
64,1143,23.3054398326
64,1144,30.0911604242
64,1145,29.9778743865
64,1146,30.2294557400
64,1147,30.2712878607
64,1148,30.1699757643
64,1149,29.7158570846
64,1150,30.3630003007
64,1151,30.2133843766
64,1152,30.3867861744
64,1153,30.4244477427
64,1154,30.5586193888
64,1155,29.8085788936
64,1156,28.6893769819
64,1157,30.6278165337
64,1158,30.5502968877
64,1159,30.3690389582
64,1160,30.0615768493
64,1161,30.6656433082
64,1162,30.7509614333
64,1163,30.5421033875
64,1164,30.6123216926
64,1165,30.8953467772
64,1166,25.6472662602
64,1167,30.5595239694
64,1168,28.7401549626
64,1169,31.0295056375
64,1170,30.7781550790
64,1171,30.6783203497
64,1172,31.0569148319
64,1173,31.1314996088
64,1174,30.9619700074
64,1175,30.7762440636
64,1176,26.5356608055
64,1177,31.2627271494
64,1178,28.5582897924
64,1179,29.9926431837
64,1180,23.5637804948
64,1181,30.3040225449
64,1182,28.5877288661
64,1183,31.2248787083
64,1184,31.3568098869
64,1185,31.4760831856
64,1186,31.5068346911
64,1187,30.6995539652
64,1188,29.6088160837
64,1189,31.7063651589
64,1190,31.5103447235
64,1191,31.6733159333
64,1192,31.8071957073
64,1193,29.2133728854
64,1194,28.0479624724
64,1195,31.8885241019
64,1196,31.1895173929
64,1197,31.7924457905
64,1198,30.2608745402
64,1199,32.0276140166
64,1200,27.4987211614
64,1201,27.9905803993
64,1202,31.4064588057
64,1203,23.0422622297
64,1204,32.1668195649
64,1205,31.9993121451
64,1206,29.3670425961
64,1207,32.1859034630
64,1208,30.5543212062
64,1209,32.1074548811
64,1210,31.4841717195
64,1211,28.9216758664
64,1212,32.5977824305
64,1213,32.3480670927
64,1214,32.3065454779
64,1215,32.4067229024
64,1216,32.5200736597
64,1217,32.3129781550
64,1218,32.5064600816
64,1219,32.6279298741
64,1220,32.5866771029
64,1221,30.2587975183
64,1222,32.5653040001
64,1223,32.7188745949
64,1224,32.5240532501
64,1225,29.7385287990
64,1226,29.2854170366
64,1227,32.0269542600
64,1228,32.8706289710
64,1229,31.4965260296
64,1230,32.9733604069
64,1231,30.0921562280
64,1232,32.8505830981
64,1233,33.1241920625
64,1234,27.9780042602
64,1235,32.9011894465
64,1236,27.0867382826
64,1237,33.0957511279
64,1238,33.1702384960
64,1239,33.2202134380
64,1240,33.2287199990
64,1241,33.1533948379
64,1242,33.2968755897
64,1243,23.9793946466
64,1244,33.4775636140
64,1245,33.2944860027
64,1246,33.5342248403
64,1247,33.2564577427
64,1248,30.7858007546
64,1249,30.8106204074
64,1250,33.1509740230
64,1251,33.6268077533
64,1252,33.6379067571
64,1253,33.4097780439
64,1254,33.6551238840
64,1255,33.8021703688
64,1256,33.6720362029
64,1257,33.7864403695
64,1258,33.8490905692
64,1259,30.7545315810
64,1260,34.0110132492
64,1261,34.0617877422
64,1262,24.7179335553
64,1263,33.4804380416
64,1264,30.1820735207
64,1265,30.4281112093
64,1266,34.0774510256
64,1267,34.1214910451
64,1268,34.1390004776
64,1269,33.9981762465
64,1270,25.7034463340
64,1271,34.3029554598
64,1272,32.2693158406
64,1273,34.4145573107
64,1274,31.4492534433
64,1275,34.0886924959
64,1276,34.5738308538
64,1277,33.3633923032
64,1278,34.4248930749
64,1279,34.5134186483
64,1280,34.6555179063
64,1281,34.4267967502
64,1282,34.4995478166
64,1283,34.8492234623
64,1284,34.7524686675
64,1285,32.3814953670
64,1286,29.3588129692
64,1287,34.7822388287
64,1288,34.8965242749
64,1289,34.7271448690
64,1290,34.8389648678
64,1291,35.1152201151
64,1292,33.2043256578
64,1293,34.8645806144
64,1294,35.1203492236
64,1295,34.1828379192
64,1296,35.0801209129
64,1297,34.3583957630
64,1298,35.1274766768
64,1299,29.1188030091
64,1300,35.1408184811
64,1301,31.5531455008
64,1302,27.1459994227
64,1303,35.2373753589
64,1304,35.3082787701
64,1305,35.4655843265
64,1306,35.4651014791
64,1307,35.3718036132
64,1308,31.5287379507
64,1309,32.6554182722
64,1310,35.3520062365
64,1311,35.0238249280
64,1312,35.6355921297
64,1313,35.6210503829
64,1314,35.7930187646
64,1315,29.3409236486
64,1316,35.8983394292
64,1317,35.6575866301
64,1318,35.2767457728
64,1319,32.8731493589
64,1320,34.1240261788
64,1321,35.8643827376
64,1322,35.7257583696
64,1323,35.7972794440
64,1324,35.8338419468
64,1325,28.7694547880
64,1326,30.4239793723
64,1327,35.8961360798
64,1328,35.1304473173
64,1329,36.1408718152
64,1330,34.8162505841
64,1331,36.3229117874
64,1332,36.3386332211
64,1333,36.4050054967
64,1334,32.7207408900
64,1335,36.3620512880
64,1336,36.3271450297
64,1337,30.3712675751
64,1338,34.9779300496
64,1339,36.4325005537
64,1340,36.5361650546
64,1341,36.6874651993
64,1342,31.7779806447
64,1343,36.6393399633
64,1344,31.1141831534
64,1345,36.4948397597
64,1346,36.5440144688
64,1347,34.1869199635
64,1348,36.9457204565
64,1349,33.5266886316
64,1350,36.8541943694
64,1351,29.1800692977
64,1352,36.9974806099
64,1353,37.0209938641
64,1354,35.4672736221
64,1355,34.8199587824
64,1356,37.0664046553
64,1357,36.9122180186
64,1358,36.4845930684
64,1359,37.1228581641
64,1360,29.7667041542
64,1361,36.2292785542
64,1362,32.5566965861
64,1363,37.3537413853
64,1364,37.1952875007
64,1365,36.4081181902
64,1366,30.4344929846
64,1367,37.4752754619
64,1368,29.6342084128
64,1369,31.0357463655
64,1370,37.4465092102
64,1371,37.5597049851
64,1372,37.6529060613
64,1373,36.2259749010
64,1374,37.6547165043
64,1375,37.7849152025
64,1376,37.7836667675
64,1377,37.2439885325
64,1378,37.6072442042
64,1379,37.8279055644
64,1380,37.7853480809
64,1381,37.7608855719
64,1382,38.1769443637
64,1383,37.7028575389
64,1384,38.0915109389
64,1385,37.8028909470
64,1386,37.1224065976
64,1387,38.0924796645
64,1388,38.0852465031
64,1389,38.0341965344
64,1390,38.1622663140
64,1391,38.2432835070
64,1392,38.2598566651
64,1393,38.2450719507
64,1394,37.3193490984
64,1395,38.3846468202
64,1396,38.6022082042
64,1397,38.5148699766
64,1398,38.0452418375
64,1399,38.3255812982
64,1400,38.5137957493
64,1401,38.5440734032
64,1402,38.5617293486
64,1403,38.6144595312
64,1404,38.7683322451
64,1405,38.3930091568
64,1406,38.7474773936
64,1407,38.6893225720
64,1408,38.3371430813
64,1409,38.8624601092
64,1410,34.5634834682
64,1411,39.0614921267
64,1412,38.8967465919
64,1413,38.9735429392
64,1414,37.5934637621
64,1415,38.9241226833
64,1416,37.4129970651
64,1417,34.0988315177
64,1418,38.1374156897
64,1419,37.2100314350
64,1420,39.2908845473
64,1421,38.9305360588
64,1422,37.3347967385
64,1423,30.7083677017
64,1424,38.0525371947
64,1425,39.3180891357
64,1426,39.4913483047
64,1427,38.6848112812
64,1428,39.1300504401
64,1429,36.7045904654
64,1430,39.6680382276
64,1431,39.6390209960
64,1432,39.6467330455
64,1433,38.8491417654
64,1434,39.7087516616
64,1435,36.2272030855
64,1436,39.2418226570
64,1437,39.7715108406
64,1438,39.1620132964
64,1439,39.9667692139
64,1440,37.5787917181
64,1441,39.8472569913
64,1442,37.8944223936
64,1443,40.0333063846
64,1444,39.7498105291
64,1445,39.2746701637
64,1446,40.2564822957
64,1447,40.1086140970
64,1448,40.2122219282
64,1449,40.3662954348
64,1450,40.4475472855
64,1451,40.1719103728
64,1452,40.4719883439
64,1453,40.1642638698
64,1454,40.2676996924
64,1455,40.4792378137
64,1456,40.3662251019
64,1457,40.4623252935
64,1458,40.5907531014
64,1459,40.5412146512
64,1460,40.6152170742
64,1461,40.4075257948
64,1462,40.6802381656
64,1463,40.7620503436
64,1464,40.4305166522
64,1465,40.6748348484
64,1466,40.7702306122
64,1467,37.5589479924
64,1468,40.6636233460
64,1469,36.6363344463
64,1470,41.1331355601
64,1471,40.7542501598
64,1472,40.8963664666
64,1473,33.1165665388
64,1474,40.8764514277
64,1475,41.1033772454
64,1476,40.5798999668
64,1477,41.3147498138
64,1478,37.5544342475
64,1479,41.0716035792
64,1480,33.7206670020
64,1481,37.6199228416
64,1482,41.3215779819
64,1483,41.2074809804
64,1484,41.5264514292
64,1485,38.0445188409
64,1486,41.4330329214
64,1487,37.1151913499
64,1488,38.3266191315
64,1489,41.5942349014
64,1490,41.5316157570
64,1491,41.6813047632
64,1492,34.4098850235
64,1493,41.4736827516
64,1494,37.5166173155
64,1495,37.1149707024
64,1496,41.7592554671
64,1497,41.4442423912
64,1498,39.5925194636
64,1499,41.8640651079
64,1500,37.2131932299
64,1501,41.9769237469
64,1502,41.9154924748
64,1503,42.1818348871
64,1504,42.1212211464
64,1505,42.1160424859
64,1506,34.7938309734
64,1507,42.1522656174
64,1508,42.2613831149
64,1509,42.2064924333
64,1510,42.2733024939
64,1511,42.2989434140
64,1512,42.2314408305
64,1513,42.3847664790
64,1514,42.2525303431
64,1515,42.0407634235
64,1516,42.5820984146
64,1517,41.9789482758
64,1518,42.5927806031
64,1519,42.7738029354
64,1520,42.6890207971
64,1521,42.7114291777
64,1522,42.4043479577
64,1523,33.3470816727
64,1524,42.7546517305
64,1525,42.6333013395
64,1526,42.8411748554
64,1527,42.9295367062
64,1528,37.8414355844
64,1529,43.0146198887
64,1530,43.1139404837
64,1531,36.1814269718
64,1532,42.9733310256
64,1533,42.9804929299
64,1534,39.6530604071
64,1535,43.2457050670
64,1536,43.1755730738
64,1537,43.0918248230
64,1538,43.3529924733
64,1539,39.5139065156
64,1540,43.3069878088
64,1541,43.5302838809
64,1542,43.1454966825
64,1543,43.3596980699
64,1544,34.3559670364
64,1545,43.5422077157
64,1546,37.5127286757
64,1547,43.4263775860
64,1548,43.2842217254
64,1549,43.6585100562
64,1550,43.7382676749
64,1551,38.3211838190
64,1552,43.7190016570
64,1553,39.2376971835
64,1554,43.8591164124
64,1555,43.9092332247
64,1556,43.8242743414
64,1557,44.0509871041
64,1558,41.9447316400
64,1559,43.8122249001
64,1560,44.1960207728
64,1561,38.1191188995
64,1562,43.8767133269
64,1563,43.9824189685
64,1564,42.0841041503
64,1565,39.9810189806
64,1566,44.2158003023
64,1567,44.2394574646
64,1568,44.3410138952
64,1569,44.5662320219
64,1570,41.5375683861
64,1571,44.4745507852
64,1572,44.1945578089
64,1573,44.4962906803
64,1574,43.8905785384
64,1575,44.4680435179
64,1576,44.7166642430
64,1577,44.5639151879
64,1578,44.5964196788
64,1579,44.6300315910
64,1580,44.1279847477
64,1581,44.9291200690
64,1582,44.7487574250
64,1583,44.8447123590
64,1584,44.6594079301
64,1585,44.9219245354
64,1586,36.4189070355
64,1587,43.6948320271
64,1588,44.8411147051
64,1589,45.0422343571
64,1590,45.1382171894
64,1591,45.1966211632
64,1592,44.5765632377
64,1593,45.1707877959
64,1594,45.1862177048
64,1595,43.5019807297
64,1596,45.2400618708
64,1597,43.6597112628
64,1598,45.3800306423
64,1599,44.3272348574
64,1600,42.7329408473
64,1601,44.7826814137
64,1602,44.7518456753
64,1603,44.7585869855
64,1604,43.5412747719
64,1605,42.5241186511
64,1606,39.9055274128
64,1607,43.8663699581
64,1608,41.6389709729
64,1609,45.4955217423
64,1610,45.7065193664
64,1611,45.8124441898
64,1612,45.8855492266
64,1613,45.9127384058
64,1614,45.8412324258
64,1615,46.0322153299
64,1616,45.9606185577
64,1617,45.7236790283
64,1618,45.8356051124
64,1619,43.6630709601
64,1620,46.1585135997
64,1621,41.9639214814
64,1622,46.1868294024
64,1623,46.3054160208
64,1624,46.4195192131
64,1625,46.4078052446
64,1626,46.4843515764
64,1627,46.4962542500
64,1628,39.9442321773
64,1629,46.0615901102
64,1630,40.6236836286
64,1631,46.6010288472
64,1632,46.5940890245
64,1633,46.6253228716
64,1634,46.5655031922
64,1635,46.7853476775
64,1636,46.7229061316
64,1637,46.8115542889
64,1638,46.7978014240
64,1639,46.7290607076
64,1640,46.8355943642
64,1641,46.9561793838
64,1642,47.1820966885
64,1643,46.5268073164
64,1644,46.9570817123
64,1645,44.6591545155
64,1646,47.0828181755
64,1647,44.0765290399
64,1648,42.8958346945
64,1649,47.2458758313
64,1650,41.7648583863
64,1651,47.3523282095
64,1652,44.4447003273
64,1653,47.2946519329
64,1654,47.2742912008
64,1655,47.3451198199
64,1656,36.9702379107
64,1657,47.4512387926
64,1658,47.5291501740
64,1659,46.0780175858
64,1660,46.0593921049
64,1661,47.7313909664
64,1662,45.2277682700
64,1663,45.6772929166
64,1664,47.7350225299
64,1665,47.6689835816
64,1666,46.2254824390
64,1667,45.7689816877
64,1668,47.9488305824
64,1669,47.9086034460
64,1670,45.9737039928
64,1671,45.7507170118
64,1672,48.0839547922
64,1673,48.1112883161
64,1674,47.8281263816
64,1675,47.5722887848
64,1676,48.1745216550
64,1677,46.6058398130
64,1678,48.1094002920
64,1679,48.2029093945
64,1680,48.4047349163
64,1681,47.9526220695
64,1682,45.8708686866
64,1683,44.4657506986
64,1684,48.3251753176
64,1685,43.2591148039
64,1686,48.4213862187
64,1687,48.3822516544
64,1688,44.9492751355
64,1689,48.5472671275
64,1690,47.6074909469
64,1691,48.8864094638
64,1692,41.1643734063
64,1693,48.2352435337
64,1694,48.9115537300
64,1695,49.0198600570
64,1696,48.8074074050
64,1697,48.8718511300
64,1698,48.7024618355
64,1699,48.8889478512
64,1700,48.9899180510
64,1701,47.5906665895
64,1702,48.9583219212
64,1703,46.3406378976
64,1704,49.2550242699
64,1705,49.2432903703
64,1706,45.1190251409
64,1707,47.1094015334
64,1708,49.4548526236
64,1709,49.6222769236
64,1710,49.4584384939
64,1711,49.4357243677
64,1712,49.4810209109
64,1713,49.5703660881
64,1714,49.5024170525
64,1715,49.4339513737
64,1716,49.3578383693
64,1717,49.7492457895
64,1718,49.7543514285
64,1719,49.8166015190
64,1720,49.8176452005
64,1721,48.0754353149
64,1722,49.7272467143
64,1723,48.4351610575
64,1724,49.9211499316
64,1725,49.5608669380
64,1726,49.9062971007
64,1727,43.6933468493
64,1728,44.7971053366
64,1729,48.9843715994
64,1730,50.1965568059
64,1731,50.2759634433
64,1732,50.3965075951
64,1733,50.1226100154
64,1734,50.4022909767
64,1735,42.0696898852
64,1736,39.6035808422
64,1737,50.3472949862
64,1738,35.6313659508
64,1739,38.9792133418
64,1740,50.4470085966
64,1741,47.9561260639
64,1742,50.6873550217
64,1743,50.0227998401
64,1744,50.6761525521
64,1745,46.3972536722
64,1746,50.8013319522
64,1747,42.9209233501
64,1748,48.6803701382
64,1749,50.8434674849
64,1750,50.9952875756
64,1751,50.8307249093
64,1752,44.8811993297
64,1753,50.8402890242
64,1754,50.7181180642
64,1755,50.8465211086
64,1756,51.1720054343
64,1757,51.1417696387
64,1758,49.9783948207
64,1759,51.1619333247
64,1760,51.3312289472
64,1761,51.3362016020
64,1762,51.3917908363
64,1763,51.4896944355
64,1764,50.6527012040
64,1765,51.4918470997
64,1766,51.4773857923
64,1767,51.3767127492
64,1768,51.7543747052
64,1769,51.6935762568
64,1770,50.6051783345
64,1771,47.3432676352
64,1772,51.6584906992
64,1773,51.7158371072
64,1774,46.1987742577
64,1775,51.9040135687
64,1776,49.9143005951
64,1777,41.6419500974
64,1778,52.1176386896
64,1779,52.0465222145
64,1780,52.1611745570
64,1781,51.4678269531
64,1782,52.1256311015
64,1783,51.5232002373
64,1784,51.7198911118
64,1785,47.7417448820
64,1786,51.1121610546
64,1787,52.2679842117
64,1788,49.8965117485
64,1789,43.6392181232
64,1790,52.4216699269
64,1791,46.3771369274
64,1792,50.5162812734
64,1793,52.4780169696
64,1794,52.3420247069
64,1795,52.7954410529
64,1796,51.7720725822
64,1797,39.9791031251
64,1798,41.8772647329
64,1799,52.7820083851
64,1800,48.4790302995
64,1801,51.3895143450
64,1802,52.7889334831
64,1803,52.8945144141
64,1804,53.2042402930
64,1805,50.9530009030
64,1806,51.8638216074
64,1807,50.9691089966
64,1808,51.6701483751
64,1809,52.2288762457
64,1810,42.3282868396
64,1811,46.5772350434
64,1812,52.5073172125
64,1813,53.2612022826
64,1814,41.8621488069
64,1815,51.9386474956
64,1816,53.4519426622
64,1817,52.6981347554
64,1818,53.3463060792
64,1819,53.5094859033
64,1820,53.7092118713
64,1821,53.5510190779
64,1822,49.5390075159
64,1823,52.9609982992
64,1824,53.7282042364
64,1825,53.8186228591
64,1826,53.8605160574
64,1827,53.6282167093
64,1828,53.8062787889
64,1829,54.0533552211
64,1830,54.0440536400
64,1831,53.1663708383
64,1832,52.3242278272
64,1833,54.2306334306
64,1834,53.8915047098
64,1835,54.2147626821
64,1836,48.8461012390
64,1837,54.2453999193
64,1838,54.3645146936
64,1839,35.6024858383
64,1840,54.5236875094
64,1841,54.3535685891
64,1842,54.5954206406
64,1843,54.4905966814
64,1844,54.6207362751
64,1845,53.7790049026
64,1846,54.6079421483
64,1847,53.8124011502
64,1848,54.7217089964
64,1849,45.1215507156
64,1850,54.8220164191
64,1851,54.7171452255
64,1852,43.7982835109
64,1853,54.8724315224
64,1854,53.1510957306
64,1855,54.7944104746
64,1856,54.7049185222
64,1857,52.1436487003
64,1858,55.1322660774
64,1859,54.9699040226
64,1860,55.2438597880
64,1861,55.2729997817
64,1862,54.3736996801
64,1863,54.8796401754
64,1864,55.3394322775
64,1865,55.2987189034
64,1866,54.0754476062
64,1867,55.4752678168
64,1868,55.2853581190
64,1869,55.4386099937
64,1870,48.7131253031
64,1871,50.0511944966
64,1872,55.6467690665
64,1873,55.8113153566
64,1874,55.7229393653
64,1875,55.0278444523
64,1876,55.5011837629
64,1877,55.9503581372
64,1878,55.9992366269
64,1879,54.6069523226
64,1880,55.8534875418
64,1881,55.7651667808
64,1882,42.8313689381
64,1883,55.7139380199
64,1884,55.8384717031
64,1885,41.4448102758
64,1886,56.1651137818
64,1887,56.3258263993
64,1888,56.1491079256
64,1889,54.6742758406
64,1890,54.2475110335
64,1891,56.2817212890
64,1892,55.2596825029
64,1893,56.3881878199
64,1894,54.4295496116
64,1895,55.3068752730
64,1896,43.2122667295
64,1897,56.7459344627
64,1898,56.7822285747
64,1899,56.6903567410
64,1900,56.3475308403
64,1901,56.5653871940
64,1902,50.1956798195
64,1903,56.8596105883
64,1904,56.9908383637
64,1905,56.0664588396
64,1906,56.9615844068
64,1907,56.9514816651
64,1908,56.7578198978
64,1909,56.9964252196
64,1910,57.4065650211
64,1911,55.4761556621
64,1912,57.1267653620
64,1913,57.0084887255
64,1914,57.3655560899
64,1915,55.6156002363
64,1916,57.3551052615
64,1917,57.6137795604
64,1918,52.1496459564
64,1919,57.4792248398
64,1920,57.7170029742
64,1921,57.6990888797
64,1922,53.5804232647
64,1923,48.6267126236
64,1924,57.8698302880
64,1925,57.6222967738
64,1926,57.8838861662
64,1927,57.9819677501
64,1928,57.3908729264
64,1929,58.0799315379
64,1930,58.0050398749
64,1931,56.7933793535
64,1932,58.0303120770
64,1933,50.4972669133
64,1934,58.0584135512
64,1935,53.8175119236
64,1936,57.9473888919
64,1937,58.1557870553
64,1938,58.2990844187
64,1939,58.2410417551
64,1940,58.2319816390
64,1941,58.5663330766
64,1942,45.8575302259
64,1943,51.2424235710
64,1944,58.4424060898
64,1945,50.5586897769
64,1946,57.7408354568
64,1947,58.5500393195
64,1948,55.5254437886
64,1949,58.4087958622
64,1950,52.2094979224
64,1951,58.2520273161
64,1952,56.1978874806
64,1953,58.6636187703
64,1954,58.6510818498
64,1955,49.1245287712
64,1956,58.9017427299
64,1957,54.4717348268
64,1958,58.9138698023
64,1959,56.4066146051
64,1960,58.0648004006
64,1961,58.9842137590
64,1962,58.9782504074
64,1963,59.1745605539
64,1964,59.1398532881
64,1965,58.2249513925
64,1966,58.3032156321
64,1967,59.2775130803
64,1968,58.5776984899
64,1969,58.8155580028
64,1970,56.3305686152
64,1971,54.8530863523
64,1972,57.6111414020
64,1973,58.8199431495
64,1974,58.6997585341
64,1975,44.3010879479
64,1976,57.8278022781
64,1977,59.2838408819
64,1978,40.6921016851
64,1979,56.8014986484
64,1980,59.2318275838
64,1981,52.9820918864
64,1982,59.6972243623
64,1983,59.5857864376
64,1984,58.9005010887
64,1985,53.9376852679
64,1986,40.6354591983
64,1987,59.8299135134
64,1988,59.7215863905
64,1989,58.6885661433
64,1990,59.8299135134
64,1991,60.1522409350
64,1992,59.8299135134
64,1993,59.6018491109
64,1994,59.6972232240
64,1995,60.3819660113
64,1996,60.0000000000
64,1997,50.5077506952
64,1998,60.3819660113
64,1999,59.6972243623
64,2000,59.6972243623
64,2001,60.0000000000
64,2002,61.0000000000
64,2003,61.0000000000
64,2004,60.3819660113
64,2005,58.7381977547
64,2006,58.2715323191
64,2007,49.1430397213
64,2008,55.5159342340
64,2009,61.0000000000
64,2010,61.0000000000
64,2011,61.0000000000
64,2012,61.0000000000
64,2013,58.4386095387
64,2014,49.0302399700
64,2015,58.1667722408
64,2016,64.0000000000
